ANLAB_1,Stesha Benyan,23/10/1981,6 Ronald Regan Court,SYSTEM
ANLAB_2,Alf McTiernan,14/12/1990,9390 Utah Way,WEB
ANLAB_3,Olympe Nevill,30/05/1985,5 Rowland Pass,WEB
ANLAB_4,Noemi Silwood,09/02/1999,92736 Orin Plaza,MOBILE
ANLAB_5,Gale Gwalter,06/07/1997,5677 Express Lane,SYSTEM
ANLAB_6,Jo Conibear,13/03/1987,7990 Bashford Drive,MOBILE
ANLAB_7,Mar Cocksedge,21/09/1995,5 Dunning Circle,WEB
ANLAB_8,Moise Trillow,10/12/1994,79 Everett Circle,MOBILE
ANLAB_9,Perceval Leys,16/02/1996,82046 Rowland Crossing,MOBILE
ANLAB_10,Madeline Aspinal,30/11/1984,98444 Dixon Way,QA
ANLAB_11,Charin Ramshaw,31/08/1984,55 Blue Bill Park Road,SYSTEM
ANLAB_12,Garrek Dericot,14/02/1980,90 Ilene Crossing,QA
ANLAB_13,Geri Bendley,22/05/1988,5642 Crest Line Plaza,MOBILE
ANLAB_14,Joelle Greenlies,18/05/1998,3 Schiller Junction,ADMIN
ANLAB_15,Weider Soitoux,05/02/1993,390 Elmside Trail,SYSTEM
ANLAB_16,Grange Pitney,11/07/1989,79 Mccormick Drive,QA
ANLAB_17,Charity Smee,19/10/1986,80 Northport Point,QA
12,NGOC,12/4/1999,HA NOI,WEB
